Workbook

Sheet Overview
A1: Centene Forecasting — 5-Day Manual Test Plan
A2: 40 hours total | 70% Testing (28h) | 30% Bug Fix & Refactoring (12h)
A4: Project Info
A5: Project | B5: Centene Forecasting
A6: Roles Under Test | B6: EDITOR & ADMIN
A7: Test Period | B7: 5 Days
A8: Total Hours | B8: 40h
A9: Testing Time | B9: 28h (5.6h/day)
A10: Bug Fix Time | B10: 12h (2.4h/day)
A11: Priority Bug Areas | B11: Edit/Allocation, Chat/Ramp Flows, File Uploads
A13: Day-by-Day Schedule
A14: Day | B14: Focus Area | C14: Modules | D14: Test Cases | E14: Testing Hours | F14: Bug Fix Hours
A15: Day 1 | B15: Auth · Navigation · File Uploads · WebSocket | C15: 4 | D15: 25 | E15: 5.6h | F15: 2.4h
A16: Day 2 | B16: Data View · Cascade Filters · Download | C16: 5 | D16: 30 | E16: 5.6h | F16: 2.4h
A17: Day 3 | B17: Manager View · Execution Monitoring · Configuration | C17: 6 | D17: 35 | E17: 5.6h | F17: 2.4h
A18: Day 4 ⭐ | B18: Edit View · Bench Allocation · Target CPH · History Log [HIGH PRIORITY] | C18: 6 | D18: 30 | E18: 5.6h | F18: 2.4h
A19: Day 5 ⭐ | B19: Chat Assistant · CPH Update · All Ramp Flows [HIGH PRIORITY] | C19: 10 | D19: 40 | E19: 5.6h | F19: 2.4h
A20: TOTAL | D20: 160 | E20: 28h | F20: 12h
A22: Status Legend | C22: Priority Legend
A23: Pass | C23: High
A24: Fail | C24: Medium
A25: Blocked | C25: Low
A26: Not Tested
A27: In Progress

Sheet Day1 - Auth & Upload
A1: TC-ID | B1: Module | C1: Test Case Name | D1: Priority | E1: Pre-conditions | F1: Test Steps | G1: Expected Result | H1: Actual Result | I1: Status | J1: Bug-ID | K1: Tested By | L1: Tested On | M1: Notes
A2: TC-D1-001 | B2: Authentication | C2: Login with valid LDAP credentials | D2: High | E2: App running; valid LDAP user exists | F2: 1. Navigate to /forecast_app/ 2. Enter valid username (AMERICAS\username) 3. Enter correct password 4. Click Login | G2: User authenticated; redirected to timezone selection | I2: Not Tested
A3: TC-D1-002 | B3: Authentication | C3: Login with invalid password | D3: High | E3: App running | F3: 1. Navigate to login page 2. Enter valid username 3. Enter wrong password 4. Click Login | G3: Error message displayed; user stays on login page | I3: Not Tested
A4: TC-D1-003 | B4: Authentication | C4: Login with empty credentials | D4: Medium | E4: App running | F4: 1. Navigate to login page 2. Leave username and password empty 3. Click Login | G4: Validation error shown; login prevented | I4: Not Tested
A5: TC-D1-004 | B5: Authentication | C5: Login with missing AMERICAS\ prefix | D5: Medium | E5: App running | F5: 1. Navigate to login page 2. Enter username without AMERICAS\ prefix 3. Enter password 4. Click Login | G5: Authentication fails; error message shown | I5: Not Tested
A6: TC-D1-005 | B6: Timezone | C6: Select IST timezone | D6: High | E6: Logged in successfully | F6: 1. Arrive at timezone selection page 2. Select Asia/Kolkata (IST) 3. Click Confirm | G6: Session stores IST; redirected to upload/data view | I6: Not Tested
A7: TC-D1-006 | B7: Timezone | C7: Select CST timezone | D7: Medium | E7: Logged in successfully | F7: 1. Arrive at timezone page 2. Select America/Chicago (CST) 3. Click Confirm | G7: Session stores CST; redirected to data view | I7: Not Tested
A8: TC-D1-007 | B8: Timezone | C8: Select EST timezone | D8: Medium | E8: Logged in successfully | F8: 1. Arrive at timezone page 2. Select America/New_York (EST) 3. Click Confirm | G8: Session stores EST; redirected to data view | I8: Not Tested
A9: TC-D1-008 | B9: Authentication | C9: Logout clears session | D9: High | E9: Logged in as EDITOR | F9: 1. Navigate to /forecast_app/logout/ 2. Try accessing a protected page | G9: User logged out; redirected to login; protected pages inaccessible | I9: Not Tested
A10: TC-D1-009 | B10: Permissions | C10: EDITOR can access data view | D10: High | E10: EDITOR user logged in | F10: 1. Login as EDITOR 2. Navigate to /forecast_app/data_view/ | G10: Data view page loads successfully for EDITOR | I10: Not Tested
A11: TC-D1-010 | B11: Permissions | C11: EDITOR can access upload view | D11: High | E11: EDITOR user logged in | F11: 1. Login as EDITOR 2. Navigate to /forecast_app/upload_view/ | G11: Upload page loads successfully for EDITOR | I11: Not Tested
A12: TC-D1-011 | B12: Permissions | C12: ADMIN accesses cache management | D12: High | E12: ADMIN user logged in | F12: 1. Login as ADMIN 2. Call /forecast_app/api/cache/clear/all/ | G12: 200 response; cache cleared successfully | I12: Not Tested
A13: TC-D1-012 | B13: Permissions | C13: EDITOR blocked from admin-only endpoints | D13: High | E13: EDITOR user logged in | F13: 1. Login as EDITOR 2. Call /forecast_app/api/cache/clear/all/ | G13: 403 Forbidden response returned | I13: Not Tested
... A26: TC-D1-025 | B26: Navigation | C26: Chat widget visible on all pages | D26: Low | E26: Logged in as EDITOR | F26: 1. Navigate to data view 2. Navigate to manager view 3. Navigate to edit view | G26: Chat widget (bottom-right corner) visible on all authenticated pages | I26: Not Tested

Sheet Day2 - Data View
A1: TC-ID | B1: Module | C1: Test Case Name | D1: Priority | E1: Pre-conditions | F1: Test Steps | G1: Expected Result | H1: Actual Result | I1: Status | J1: Bug-ID | K1: Tested By | L1: Tested On | M1: Notes
A2: TC-D2-001 | B2: Data Type | C2: Select Roster data type | D2: High | E2: Logged in; data available | F2: 1. Navigate to /forecast_app/data_view/ 2. Select Roster from data type selector | G2: Roster-specific filter chain loads (no worktype filter) | I2: Not Tested
A3: TC-D2-002 | B3: Data Type | C3: Select Forecast data type | D3: High | E3: Logged in; data available | F3: 1. Navigate to data view 2. Select Forecast from data type selector | G3: Full cascade filter chain loads including worktype | I3: Not Tested
A4: TC-D2-003 | B4: Data Type | C4: Select Prod Team Roster | D4: Medium | E4: Logged in | F4: 1. Navigate to data view 2. Select Prod Team Roster | G4: Prod team roster filter chain loads | I4: Not Tested
A5: TC-D2-004 | B5: Data Type | C5: Select Summary data type | D5: Medium | E5: Logged in | F5: 1. Navigate to data view 2. Select Summary | G5: Summary filter options load | I5: Not Tested
A6: TC-D2-005 | B6: Cascade Filters | C6: Year filter loads available years | D6: High | E6: Forecast type selected | F6: 1. Select Forecast data type 2. Open year dropdown | G6: Available forecast years listed (e.g., 2024, 2025) | I6: Not Tested
A7: TC-D2-006 | B7: Cascade Filters | C7: Month filter populates after year selection | D7: High | E7: Year selected | F7: 1. Select year 2024 2. Open month dropdown | G7: Only months with data for selected year shown | I7: Not Tested
A8: TC-D2-007 | B8: Cascade Filters | C8: Platform filter populates after month selection | D8: High | E8: Year and month selected | F8: 1. Select year 2. Select month 3. Open platform dropdown | G8: Platforms available for selected year+month shown | I8: Not Tested
A9: TC-D2-008 | B9: Cascade Filters | C9: Market filter populates after platform selection | D9: High | E9: Year, month, platform selected | F9: 1. Select year, month, platform 2. Open market dropdown | G9: Markets for selected platform shown | I9: Not Tested
A10: TC-D2-009 | B10: Cascade Filters | C10: Locality filter includes All option | D10: Medium | E10: Year through market selected | F10: 1. Select year through market 2. Open locality dropdown | G10: Options shown including 'All' option | I10: Not Tested
A11: TC-D2-010 | B11: Cascade Filters | C11: Worktype filter populates last | D11: High | E11: All prior filters selected | F11: 1. Complete all prior selections 2. Open worktype dropdown | G11: Worktypes available for all selected filters shown | I11: Not Tested
A12: TC-D2-011 | B12: Cascade Filters | C12: Changing year resets downstream filters | D12: High | E12: All filters selected | F12: 1. Select all filters 2. Change year selection | G12: Month, platform, market, locality, worktype reset | I12: Not Tested
A13: TC-D2-012 | B13: Cascade Filters | C13: Missing year shows validation error | D13: Medium | E13: Data view open | F13: 1. Skip year selection 2. Try to load data without year | G13: Validation error: year is required | I13: Not Tested
... A31: TC-D2-030 | B31: Download | C31: Downloaded filename follows naming convention | D31: Low | E31: Download initiated | F31: 1. Download any data file 2. Check filename | G31: Filename includes data type and date (e.g., roster_2025-04.csv) | I31: Not Tested

Sheet Day3 - Dashboards
A1: TC-ID | B1: Module | C1: Test Case Name | D1: Priority | E1: Pre-conditions | F1: Test Steps | G1: Expected Result | H1: Actual Result | I1: Status | J1: Bug-ID | K1: Tested By | L1: Tested On | M1: Notes
A2: TC-D3-001 | B2: Manager View | C2: Manager view page loads | D2: High | E2: EDITOR logged in | F2: 1. Navigate to /forecast_app/manager-view/ | G2: Page loads with category hierarchy and 6-month forecast data | I2: Not Tested
A3: TC-D3-002 | B3: Manager View | C3: Report month selector works | D3: High | E3: Manager view open | F3: 1. Open report month dropdown 2. Select a different month | G3: Data refreshes and displays for the selected month | I3: Not Tested
A4: TC-D3-003 | B4: Manager View | C4: Category filter filters data | D4: High | E4: Manager view open | F4: 1. Select specific category (e.g., amisys-onshore) | G4: Data filtered to show only selected category hierarchy | I4: Not Tested
A5: TC-D3-004 | B5: Manager View | C5: 6 months of data displayed | D5: Medium | E5: Manager view open | F5: 1. Load manager view 2. Count forecast month columns | G5: Exactly 6 months displayed (MONTHS_TO_DISPLAY=6 config) | I5: Not Tested
A6: TC-D3-005 | B6: Manager View | C6: KPI cards display correctly | D6: High | E6: Manager view loaded | F6: 1. Load manager view 2. Check KPI summary cards at top | G6: Cards show capacity utilization, forecast accuracy, staffing levels | I6: Not Tested
A7: TC-D3-006 | B7: Manager View | C7: Invalid report_month returns 400 | D7: Medium | E7: Manager view API accessible | F7: 1. Call /api/manager-view/data/ with report_month=invalid 2. Check response | G7: 400 Bad Request response with error message | I7: Not Tested
A8: TC-D3-007 | B8: Manager View | C8: Manager view data cached 900s | D8: Medium | E8: ADMIN logged in; manager view loaded | F8: 1. Load manager view 2. Check /api/cache/stats/ | G8: Manager view data in cache with ~900s TTL | I8: Not Tested
A9: TC-D3-008 | B9: Manager View | C9: Missing report_month param returns error | D9: Medium | E9: Manager view API accessible | F9: 1. Call /api/manager-view/data/ without report_month param | G9: Error response indicating report_month is required | I9: Not Tested
A10: TC-D3-009 | B10: Execution Monitor | C10: Execution list page loads | D10: High | E10: ADMIN logged in | F10: 1. Navigate to /forecast_app/execution-monitoring/ | G10: List of file upload executions shown with filters | I10: Not Tested
A11: TC-D3-010 | B11: Execution Monitor | C11: Filter executions by status | D11: High | E11: Execution list open | F11: 1. Select status filter = SUCCESS 2. Apply filter | G11: Only SUCCESS status executions shown | I11: Not Tested
A12: TC-D3-011 | B12: Execution Monitor | C12: Filter executions by month/year | D12: Medium | E12: Execution list open | F12: 1. Select month and year filters 2. Apply | G12: Executions for the selected period shown | I12: Not Tested
A13: TC-D3-012 | B13: Execution Monitor | C13: Filter by uploaded_by user | D13: Medium | E13: Execution list open | F13: 1. Enter username in uploaded_by filter 2. Apply | G13: Executions uploaded by that user shown | I13: Not Tested
... A36: TC-D3-035 | B36: CPH Config | C36: Clear cascade cache endpoint | D36: High | E36: ADMIN logged in | F36: 1. Call /forecast_app/api/cache/clear/cascade/ | G36: Cascade filter caches cleared; 200 response | I36: Not Tested

Sheet Day4 - Edit & Alloc
A1: TC-ID | B1: Module | C1: Test Case Name | D1: Priority | E1: Pre-conditions | F1: Test Steps | G1: Expected Result | H1: Actual Result | I1: Status | J1: Bug-ID | K1: Tested By | L1: Tested On | M1: Notes
A2: TC-D4-001 | B2: Edit View | C2: Edit view page loads with tabs | D2: High | E2: EDITOR logged in | F2: 1. Navigate to /forecast_app/edit-view/ | G2: Page loads with Bench Allocation and History Log tabs visible | I2: Not Tested
A3: TC-D4-002 | B3: Edit View | C3: Bench Allocation tab active by default | D3: Medium | E3: Edit view open | F3: 1. Open edit view 2. Observe default tab | G3: Bench Allocation tab is active by default | I3: Not Tested
A4: TC-D4-003 | B4: Edit View | C4: Allocation reports dropdown populated | D4: High | E4: Edit view open | F4: 1. Open allocation reports dropdown | G4: Available report periods (month/year combinations) listed | I4: Not Tested
A5: TC-D4-004 | B5: Edit View | C5: Switch to History Log tab | D5: Medium | E5: Edit view open | F5: 1. Click History Log tab | G5: History log content loads in tab | I5: Not Tested
A6: TC-D4-005 | B6: Edit View | C6: EDITOR role can access edit view | D6: High | E6: EDITOR logged in | F6: 1. Login as EDITOR 2. Navigate to /forecast_app/edit-view/ | G6: Edit view accessible; edit actions available for EDITOR | I6: Not Tested
A7: TC-D4-006 | B7: Bench Allocation | C7: Preview allocation for valid month/year | D7: High | E7: EDITOR logged in | F7: 1. Select valid month and year 2. Click Preview | G7: Preview card shown with projected allocation data and impact | I7: Not Tested
A8: TC-D4-007 | B8: Bench Allocation | C8: Preview allocation for invalid date format | D8: High | E8: Edit view open | F8: 1. Enter invalid date in month/year 2. Click Preview | G8: Error message: invalid date format returned | I8: Not Tested
A9: TC-D4-008 | B9: Bench Allocation | C9: Update single LOB allocation | D9: High | E9: EDITOR logged in; preview shown | F9: 1. Preview allocation 2. Modify single LOB value 3. Submit update | G9: Single LOB allocation updated in backend successfully | I9: Not Tested
A10: TC-D4-009 | B10: Bench Allocation | C10: Update multiple LOBs in one submission | D10: High | E10: EDITOR logged in | F10: 1. Modify multiple LOB values 2. Submit bulk update | G10: All LOB allocations updated atomically | I10: Not Tested
A11: TC-D4-010 | B11: Bench Allocation | C11: Validation on negative allocation value | D11: Medium | E11: Allocation form open | F11: 1. Enter negative value for allocation 2. Submit | G11: Validation error: allocation must be non-negative | I11: Not Tested
A12: TC-D4-011 | B12: Bench Allocation | C12: Validation on non-numeric allocation | D12: Medium | E12: Allocation form open | F12: 1. Enter text in allocation field 2. Submit | G12: Validation error: allocation must be numeric | I12: Not Tested
A13: TC-D4-012 | B13: Bench Allocation | C13: Audit trail created on allocation update | D13: High | E13: EDITOR logged in | F13: 1. Update allocation 2. Navigate to History Log tab | G13: Change recorded with user, timestamp, old and new values | I13: Not Tested
... A31: TC-D4-030 | B31: History Log | C31: Download history as Excel | D31: High | E31: EDITOR logged in; history entries exist | F31: 1. Click Download on history entry | G31: Excel file with change details downloaded with correct filename | I31: Not Tested

Sheet Day5 - Chat & Ramp
A1: TC-ID | B1: Module | C1: Test Case Name | D1: Priority | E1: Pre-conditions | F1: Test Steps | G1: Expected Result | H1: Actual Result | I1: Status | J1: Bug-ID | K1: Tested By | L1: Tested On | M1: Notes
A2: TC-D5-001 | B2: Chat Widget | C2: Chat widget visible and opens | D2: High | E2: Logged in as EDITOR | F2: 1. Navigate to any page 2. Click chat widget in bottom-right corner | G2: Chat panel opens showing conversation interface | I2: Not Tested
A3: TC-D5-002 | B3: Chat Widget | C3: Chat widget minimizes | D3: Medium | E3: Chat open | F3: 1. Click minimize button in chat header | G3: Chat minimized; unread badge visible if new messages | I3: Not Tested
A4: TC-D5-003 | B4: Chat Widget | C4: Start new conversation | D4: High | E4: Chat open with existing history | F4: 1. Click New Conversation button | G4: Previous messages cleared; fresh context started | I4: Not Tested
A5: TC-D5-004 | B5: Chat Widget | C5: WebSocket connection status indicator | D5: Medium | E5: Chat open | F5: 1. Open chat panel 2. Check connection status indicator | G5: Connected status shown (green indicator or similar) | I5: Not Tested
A6: TC-D5-005 | B6: Chat Widget | C6: Chat disconnects gracefully on logout | D6: Medium | E6: Chat open | F6: 1. Log out while chat is open | G6: WebSocket connection closed cleanly; no JS errors | I6: Not Tested
A7: TC-D5-006 | B7: get_available_reports | C7: List available forecast reports | D7: High | E7: Chat open | F7: 1. Type: 'What forecast data do you have?' | G7: Card shown with available report periods labeled Current/Outdated | I7: Not Tested
A8: TC-D5-007 | B8: propose_data_fetch | C8: Confirmation card shown before data fetch | D8: High | E8: Chat open | F8: 1. Type: 'Show forecast for March 2025' | G8: Confirmation card with month, filters, and Fetch/Cancel buttons displayed | I8: Not Tested
A9: TC-D5-008 | B9: confirm_forecast_fetch | C9: Forecast table renders after confirmation | D9: High | E9: Confirmation card shown | F9: 1. Click 'Yes Fetch Data' button | G9: Forecast table with multi-column headers rendered in chat | I9: Not Tested
A10: TC-D5-009 | B10: get_forecast_data | C10: Filter by platform in forecast query | D10: High | E10: Forecast data loaded | F10: 1. Type: 'Show data for Amisys platform' | G10: Data filtered to Amisys platform only | I10: Not Tested
A11: TC-D5-010 | B11: get_forecast_data | C11: Filter by state in forecast query | D11: High | E11: Forecast data loaded | F11: 1. Type: 'Show data for California only' | G11: Data filtered to CA state only | I11: Not Tested
A12: TC-D5-011 | B12: get_forecast_data | C12: Show totals only option | D12: Medium | E12: Forecast data loaded | F12: 1. Type: 'Show totals for March' | G12: Only aggregated totals row shown (not individual records) | I12: Not Tested
A13: TC-D5-012 | B13: get_forecast_data | C13: Gap column is color-coded | D13: High | E13: Forecast table rendered in chat | F13: 1. Load forecast table 2. Check Gap column values | G13: Negative gap = red background; positive gap = green background | I13: Not Tested
... A41: TC-D5-040 | B41: Error Handling | C41: Context persists across conversation turns | D41: High | E41: Filters and row selected | F41: 1. Set filters and select row 2. Send 3+ more messages 3. Verify context | G41: Month, year, filters, and selected row still maintained in context | I41: Not Tested

Sheet Bug Tracker
A1: Bug-ID | B1: Date Found | C1: Day | D1: Module | E1: Severity | F1: Status | G1: Description | H1: Steps to Reproduce | I1: Expected Behavior | J1: Actual Behavior | K1: Fixed On | L1: Fixed By | M1: Notes
A2: BUG-001
A3: BUG-002
A4: BUG-003

Sheet Test Report
A1: Centene Forecasting — Test Execution Report
A2: Auto-calculated from Day 1-5 sheets | Update Status column in each day sheet to see results refresh
A4: SECTION 1: Daily Test Execution Summary
A5: Day | B5: Focus Area | C5: Total TCs | D5: Pass | E5: Fail | F5: Blocked | G5: Not Tested | H5: Pass % | I5: Bug-Fix Hours
A6: Day 1 | B6: Auth · Navigation · File Uploads · WebSocket | C6: 25 | D6: =COUNTIF('Day1 - Auth & Upload'!I:I,"Pass") | E6: =COUNTIF('Day1 - Auth & Upload'!I:I,"Fail") | F6: =COUNTIF('Day1 - Auth & Upload'!I:I,"Blocked") | G6: =COUNTIF('Day1 - Auth & Upload'!I:I,"Not Tested") | H6: =IF(C6=0,0,D6/C6) | I6: 2.4h
A7: Day 2 | B7: Data View · Cascade Filters · Download | C7: 30 | D7: =COUNTIF('Day2 - Data View'!I:I,"Pass") | E7: =COUNTIF('Day2 - Data View'!I:I,"Fail") | F7: =COUNTIF('Day2 - Data View'!I:I,"Blocked") | G7: =COUNTIF('Day2 - Data View'!I:I,"Not Tested") | H7: =IF(C7=0,0,D7/C7) | I7: 2.4h
A8: Day 3 | B8: Manager View · Execution Monitoring · Configuration | C8: 35 | D8: =COUNTIF('Day3 - Dashboards'!I:I,"Pass") | E8: =COUNTIF('Day3 - Dashboards'!I:I,"Fail") | F8: =COUNTIF('Day3 - Dashboards'!I:I,"Blocked") | G8: =COUNTIF('Day3 - Dashboards'!I:I,"Not Tested") | H8: =IF(C8=0,0,D8/C8) | I8: 2.4h
A9: Day 4 ⭐ | B9: Edit View · Bench Allocation · Target CPH · History Log | C9: 30 | D9: =COUNTIF('Day4 - Edit & Alloc'!I:I,"Pass") | E9: =COUNTIF('Day4 - Edit & Alloc'!I:I,"Fail") | F9: =COUNTIF('Day4 - Edit & Alloc'!I:I,"Blocked") | G9: =COUNTIF('Day4 - Edit & Alloc'!I:I,"Not Tested") | H9: =IF(C9=0,0,D9/C9) | I9: 2.4h
A10: Day 5 ⭐ | B10: Chat Assistant · CPH Update · All Ramp Flows | C10: 40 | D10: =COUNTIF('Day5 - Chat & Ramp'!I:I,"Pass") | E10: =COUNTIF('Day5 - Chat & Ramp'!I:I,"Fail") | F10: =COUNTIF('Day5 - Chat & Ramp'!I:I,"Blocked") | G10: =COUNTIF('Day5 - Chat & Ramp'!I:I,"Not Tested") | H10: =IF(C10=0,0,D10/C10) | I10: 2.4h
A11: TOTAL | B11: All 5 Days | C11: =SUM(C6:C10) | D11: =SUM(D6:D10) | E11: =SUM(E6:E10) | F11: =SUM(F6:F10) | G11: =SUM(G6:G10) | H11: =IF(C11=0,0,D11/C11) | I11: 12h
A13: SECTION 2: Bug Severity Breakdown
A14: Severity | B14: Count | C14: % of Total
A15: Critical | B15: =COUNTIF('Bug Tracker'!E:E,A15) | C15: =IF(SUM(B15:B18)=0,0,B15/SUM($B$15:$B$18))
A16: High | B16: =COUNTIF('Bug Tracker'!E:E,A16) | C16: =IF(SUM(B15:B18)=0,0,B16/SUM($B$15:$B$18))
A17: Medium | B17: =COUNTIF('Bug Tracker'!E:E,A17) | C17: =IF(SUM(B15:B18)=0,0,B17/SUM($B$15:$B$18))
A18: Low | B18: =COUNTIF('Bug Tracker'!E:E,A18) | C18: =IF(SUM(B15:B18)=0,0,B18/SUM($B$15:$B$18))
A19: TOTAL | B19: =SUM(B15:B18) | C19: =IF(B19=0,0,1)
A21: SECTION 3: Test Summary Metrics
A22: Total Test Cases | B22: 160
A23: Total Testing Hours | B23: 28h
A24: Total Bug Fix Hours | B24: 12h
A25: Roles Tested | B25: EDITOR & ADMIN
A26: Priority Bug Areas | B26: Edit/Allocation, Chat/Ramp Flows, File Uploads
A29: SECTION 4: High Priority Areas Status
A30: Day | B30: Area | C30: Total TCs | D30: Pass | E30: Fail | F30: Pass %
A31: Day 4 ⭐ | B31: Edit View & Allocation Features | C31: =C9 | D31: =D9 | E31: =E9 | F31: =H9
A32: Day 5 ⭐ | B32: Chat Assistant & Ramp Flows | C32: =C10 | D32: =D10 | E32: =E10 | F32: =H10
